<wpml-config>
    <custom-fields>
        <custom-field action="copy">rating</custom-field>
        <custom-field action="copy">enable_tertiary_navigation</custom-field>
        <custom-field action="copy">_gallery</custom-field>
        <custom-field action="copy">_job_hours</custom-field>
        <custom-field action="copy">_phone</custom-field>
    </custom-fields>
    <admin-texts>
        <key name="theme_mods_listify">
			<key name="label-singular" />
			<key name="label-plural" />
			<key name="call-to-action-title" />
			<key name="call-to-action-description" />
			<key name="call-to-action-button-text" />
			<key name="call-to-action-button-href" />
			<key name="call-to-action-button-subtext" />
			<key name="as-seen-on-title" />
			<key name="copyright-text" />
        </key>
        <key name="theme_mods_listify-child">
			<key name="label-singular" />
			<key name="label-plural" />
			<key name="call-to-action-title" />
			<key name="call-to-action-description" />
			<key name="call-to-action-button-text" />
			<key name="call-to-action-button-href" />
			<key name="call-to-action-button-subtext" />
			<key name="as-seen-on-title" />
			<key name="copyright-text" />
        </key>
    </admin-texts>
</wpml-config>
